{
  "name": "bitcore",
  "main": "browser/bundle.js",
  "version": "0.1.19",
  "homepage": "http://bitcore.io",
  "authors": [
    "Ryan X. Charles (<ryan@bitpay.com>)"
  ],
  "description": "A pure, powerful core for your bitcoin project.",
  "moduleType": [
    "globals"
  ],
  "keywords": [
    "bitcoin",
    "bitcore",
    "btc",
    "satoshi"
  ],
  "license": "MIT",
  "ignore": [
    "**/.*",
    "node_modules",
    "bower_components",
    "tests"
  ],
  "_release": "0.1.19",
  "_resolution": {
    "type": "version",
    "tag": "v0.1.19",
    "commit": "4348228c2e388f13f3153c5276d6d5cf9aacb80f"
  },
  "_source": "git://github.com/bitpay/bitcore.git",
  "_target": "~0.1.19",
  "_originalSource": "bitcore"
}